<TICKER>,<PER>,<DATE>,<TIME>,<OPEN>,<HIGH>,<LOW>,<CLOSE>,<VOL>
US1.AAPL,1,20200714,93100,379.44,380.66,379,380.6,19752
US1.AAPL,1,20200714,93200,380.58,380.88,379.57,380.88,13345
US1.AAPL,1,20200714,93300,380.9,383.57,380.9,383.38,15548
US1.AAPL,1,20200714,93400,383.52,384.74,383.52,384.37,18505
US1.AAPL,1,20200714,93500,384.29,385.21,384.29,384.63,16027
US1.AAPL,1,20200714,93600,384.71,384.71,383.67,384.04,8736
US1.AAPL,1,20200714,93700,384.15,384.76,384.15,384.7,9195
US1.AAPL,1,20200714,93800,384.68,384.88,383.92,384.46,5602
US1.AAPL,1,20200714,93900,384.335,384.34,382.88,382.965,7855
US1.AAPL,1,20200714,94000,382.91,383.88,382.88,383.84,9973
US1.AAPL,1,20200714,94100,383.89,385.23,383.68,384.92,12851
US1.AAPL,1,20200714,94200,385.28,386.09,385.25,385.83,13536
US1.AAPL,1,20200714,94300,386,386.3,385.11,386.23,8560
US1.AAPL,1,20200714,94400,386.29,386.4,385.6,386.16,8736
US1.AAPL,1,20200714,94500,386.1,386.1,385.56,385.81,11991
US1.AAPL,1,20200714,94600,385.8,385.94,384.67,385.02,13126
US1.AAPL,1,20200714,94700,385.03,385.09,384.1,384.11,4802
US1.AAPL,1,20200714,94800,384.03,384.34,383.5,383.57,7285
US1.AAPL,1,20200714,94900,383.58,383.77,382.42,382.47,11778
US1.AAPL,1,20200714,95000,382.51,383.15,382.21,382.68,10800
US1.AAPL,1,20200714,95100,382.68,383.26,381.6,381.6,14174
US1.AAPL,1,20200714,95200,381.61,381.76,380.24,380.28,9418
US1.AAPL,1,20200714,95300,380.2,380.28,379.03,379.07,14281
US1.AAPL,1,20200714,95400,379.03,379.91,378.32,379.91,16545
US1.AAPL,1,20200714,95500,379.83,380.77,379.56,380.25,17949
US1.AAPL,1,20200714,95600,380.23,380.47,378.91,380.26,10167
US1.AAPL,1,20200714,95700,380.16,380.29,379.15,380.29,7999
US1.AAPL,1,20200714,95800,380.07,381.01,380.05,381.01,9433
US1.AAPL,1,20200714,95900,381,381.56,380.81,381.46,8511
US1.AAPL,1,20200714,100000,381.41,381.55,380.57,381.47,9244
US1.AAPL,1,20200714,100100,381.52,381.56,381.13,381.2,6829
US1.AAPL,1,20200714,100200,381.37,381.37,380.17,380.17,7583
US1.AAPL,1,20200714,100300,380.48,380.48,379.4,379.48,4866
US1.AAPL,1,20200714,100400,379.63,381.07,379.63,380.38,5054
US1.AAPL,1,20200714,100500,380.27,380.27,379.56,379.7,8774
US1.AAPL,1,20200714,100600,379.65,380.49,379.37,379.89,5874
US1.AAPL,1,20200714,100700,379.88,380.2,379.35,379.66,4213
US1.AAPL,1,20200714,100800,379.96,380.13,379.64,379.77,7555
US1.AAPL,1,20200714,100900,379.77,380.02,379.5,379.7,9968
US1.AAPL,1,20200714,101000,379.5,379.82,379.1,379.13,6777
US1.AAPL,1,20200714,101100,379.13,379.81,379.13,379.45,12329
US1.AAPL,1,20200714,101200,379.15,379.15,377.21,377.23,25964
US1.AAPL,1,20200714,101300,377.16,378.25,377.16,377.23,15073
US1.AAPL,1,20200714,101400,377.24,377.35,375.55,376.03,20616
US1.AAPL,1,20200714,101500,375.56,377,375.51,376.16,9931
US1.AAPL,1,20200714,101600,376.15,376.79,376.11,376.76,12548
US1.AAPL,1,20200714,101700,376.68,377.93,376.68,377.76,8176
US1.AAPL,1,20200714,101800,377.74,377.74,376.62,376.88,7494
US1.AAPL,1,20200714,101900,377.14,377.54,376.95,376.95,4450
US1.AAPL,1,20200714,102000,376.78,377.75,376.75,377.21,9641
US1.AAPL,1,20200714,102100,376.79,378.39,376.49,378.33,11065
US1.AAPL,1,20200714,102200,378.3,378.31,377.92,378.22,5497
US1.AAPL,1,20200714,102300,378.27,378.62,377.79,378.62,6432
US1.AAPL,1,20200714,102400,378.7,378.77,378.29,378.67,4350
US1.AAPL,1,20200714,102500,378.69,378.78,377.53,377.61,6767
US1.AAPL,1,20200714,102600,377.59,378.03,377.05,377.87,5856
US1.AAPL,1,20200714,102700,377.97,378.56,377.83,378.56,6725
US1.AAPL,1,20200714,102800,378.47,378.51,377.89,378.13,11459
US1.AAPL,1,20200714,102900,378.22,378.54,378.05,378.17,7931
US1.AAPL,1,20200714,103000,378.15,379.41,378.09,379.08,6660
US1.AAPL,1,20200714,103100,379.1,380.24,378.99,380.12,11976
US1.AAPL,1,20200714,103200,380.24,380.72,379.99,380.5,7456
US1.AAPL,1,20200714,103300,380.9,381.1,380.8,381.06,2700
US1.AAPL,1,20200714,103400,381.05,381.38,380.85,380.97,5686
US1.AAPL,1,20200714,103500,381.04,381.55,380.86,381.17,3202
US1.AAPL,1,20200714,103600,380.98,381.16,380.7,380.84,7510
US1.AAPL,1,20200714,103700,380.83,380.97,380.23,380.29,6200
US1.AAPL,1,20200714,103800,380.25,380.29,379.305,379.45,7251
US1.AAPL,1,20200714,103900,379.35,379.59,378.98,379.1,4760
US1.AAPL,1,20200714,104000,379.11,379.59,378.75,378.87,4455
US1.AAPL,1,20200714,104100,379.07,379.98,378.89,379.97,2600
US1.AAPL,1,20200714,104200,380,380.01,379.61,379.87,7821
US1.AAPL,1,20200714,104300,380.02,380.23,379.46,380.14,2701
US1.AAPL,1,20200714,104400,380.66,380.82,379.98,380.27,4212
US1.AAPL,1,20200714,104500,380.18,380.18,379.42,379.79,5091
US1.AAPL,1,20200714,104600,380.05,380.11,379.77,379.93,2544
US1.AAPL,1,20200714,104700,379.9,380.07,379.57,379.63,4227
US1.AAPL,1,20200714,104800,379.61,380.18,379.5,380.11,3999
US1.AAPL,1,20200714,104900,380.19,380.79,380.19,380.65,3400
US1.AAPL,1,20200714,105000,380.73,380.74,380.4,380.69,3791
US1.AAPL,1,20200714,105100,380.69,380.69,380.21,380.52,4590
US1.AAPL,1,20200714,105200,380.34,380.55,379.9,380.36,3600
US1.AAPL,1,20200714,105300,380.49,380.74,380.41,380.74,4423
US1.AAPL,1,20200714,105400,380.51,381.41,380.27,381.36,5720
US1.AAPL,1,20200714,105500,381.24,381.65,381.2,381.65,3594
US1.AAPL,1,20200714,105600,381.66,381.69,381.01,381.11,3600
US1.AAPL,1,20200714,105700,380.89,380.94,379.99,379.99,5968
US1.AAPL,1,20200714,105800,380.09,380.44,380.09,380.13,4158
US1.AAPL,1,20200714,105900,380.08,380.08,379.54,379.72,3130
US1.AAPL,1,20200714,110000,379.88,380.05,379.4,379.49,3842
US1.AAPL,1,20200714,110100,379.36,379.76,378.66,378.66,4666
US1.AAPL,1,20200714,110200,378.65,379.53,378.65,379.37,4700
US1.AAPL,1,20200714,110300,379.36,379.81,379.36,379.69,10547
US1.AAPL,1,20200714,110400,379.61,380.46,379.61,380.46,4397
US1.AAPL,1,20200714,110500,380.42,380.59,379.29,379.37,4601
US1.AAPL,1,20200714,110600,379.2,379.31,378.05,378.17,5343
US1.AAPL,1,20200714,110700,378.24,378.84,378.24,378.84,1715
US1.AAPL,1,20200714,110800,379.44,379.88,379.26,379.82,3654
US1.AAPL,1,20200714,110900,379.86,379.86,379.47,379.65,4047
US1.AAPL,1,20200714,111000,379.57,380.21,379.47,379.84,5900
US1.AAPL,1,20200714,111100,379.8,380.84,379.79,380.47,3600
US1.AAPL,1,20200714,111200,380.54,380.91,380.32,380.67,4550
US1.AAPL,1,20200714,111300,380.85,380.85,380.53,380.6,2900
US1.AAPL,1,20200714,111400,380.86,380.92,380.58,380.63,4116
US1.AAPL,1,20200714,111500,380.71,380.72,380.11,380.11,2500
US1.AAPL,1,20200714,111600,380.31,380.73,380.2,380.2,4934
US1.AAPL,1,20200714,111700,380.01,380.01,379.11,379.11,5142
US1.AAPL,1,20200714,111800,379.17,380.37,379.17,380.37,2000
US1.AAPL,1,20200714,111900,380.24,380.7,380.24,380.55,2150
US1.AAPL,1,20200714,112000,380.55,380.87,380.55,380.87,1716
US1.AAPL,1,20200714,112100,380.84,381.36,380.77,380.83,4063
US1.AAPL,1,20200714,112200,380.85,381.27,380.51,381.09,3369
US1.AAPL,1,20200714,112300,381.11,381.28,380.9,381.16,4487
US1.AAPL,1,20200714,112400,381.08,381.46,380.97,380.97,6578
US1.AAPL,1,20200714,112500,381.02,381.31,380.88,380.88,2700
US1.AAPL,1,20200714,112600,380.86,381.28,380.86,381.01,4207
US1.AAPL,1,20200714,112700,381.27,381.4,380.53,380.66,4400
US1.AAPL,1,20200714,112800,380.92,380.93,380.65,380.87,3000
US1.AAPL,1,20200714,112900,380.83,381.13,380.71,381.01,3210
US1.AAPL,1,20200714,113000,381.12,381.35,381,381.03,10274
US1.AAPL,1,20200714,113100,381,381.14,380.32,380.48,7006
US1.AAPL,1,20200714,113200,380.79,381.12,380.56,380.74,5674
US1.AAPL,1,20200714,113300,380.97,381.03,380.7,380.75,4100
US1.AAPL,1,20200714,113400,380.96,382.02,380.96,381.88,9856
US1.AAPL,1,20200714,113500,381.87,382.37,381.78,382.27,6443
US1.AAPL,1,20200714,113600,382.28,382.83,382.26,382.77,4480
US1.AAPL,1,20200714,113700,382.77,382.8,382.44,382.62,4100
US1.AAPL,1,20200714,113800,382.63,383.21,382.63,382.97,6187
US1.AAPL,1,20200714,113900,383.11,383.48,382.995,383.32,3349
US1.AAPL,1,20200714,114000,383.34,383.34,382.6,382.6,7184
US1.AAPL,1,20200714,114100,382.57,383.16,382.51,383.1,2500
US1.AAPL,1,20200714,114200,383.16,383.8,383.16,383.68,5505
US1.AAPL,1,20200714,114300,383.97,384.15,383.88,384.15,4593
US1.AAPL,1,20200714,114400,384.15,384.15,383.95,383.99,6390
US1.AAPL,1,20200714,114500,383.87,383.87,383.31,383.69,6861
US1.AAPL,1,20200714,114600,383.8,384.28,383.39,383.42,5031
US1.AAPL,1,20200714,114700,383.36,383.36,382.64,382.98,5153
US1.AAPL,1,20200714,114800,383.16,383.23,383.09,383.09,1482
US1.AAPL,1,20200714,114900,383.4,383.49,383.25,383.36,1300
US1.AAPL,1,20200714,115000,383.55,383.69,383.39,383.45,2039
US1.AAPL,1,20200714,115100,383.39,383.9,383.27,383.9,1900
US1.AAPL,1,20200714,115200,383.83,383.83,383.46,383.7,1900
US1.AAPL,1,20200714,115300,383.48,383.48,383.22,383.39,2759
US1.AAPL,1,20200714,115400,383.45,383.5,383.14,383.15,2923
US1.AAPL,1,20200714,115500,383.05,383.13,382.58,382.58,7992
US1.AAPL,1,20200714,115600,382.65,382.68,382.27,382.6,7400
US1.AAPL,1,20200714,115700,382.61,382.62,382.06,382.08,2428
US1.AAPL,1,20200714,115800,382.18,382.36,382.05,382.16,3000
US1.AAPL,1,20200714,115900,382.27,382.65,382.27,382.35,2741
US1.AAPL,1,20200714,120000,382.32,382.32,381.98,382.18,2800
US1.AAPL,1,20200714,120100,382.31,382.5,382.1,382.34,4802
US1.AAPL,1,20200714,120200,382.27,382.27,381.7,381.97,2800
US1.AAPL,1,20200714,120300,381.98,382.03,381.75,382.01,2700
US1.AAPL,1,20200714,120400,382.11,382.39,382.1,382.34,1800
US1.AAPL,1,20200714,120500,382.29,382.67,382.03,382.56,3654
US1.AAPL,1,20200714,120600,382.54,382.72,382.11,382.11,4597
US1.AAPL,1,20200714,120700,382.11,382.11,381.58,381.79,9028
US1.AAPL,1,20200714,120800,381.77,382.12,381.77,381.78,1912
US1.AAPL,1,20200714,120900,381.89,382.14,381.86,382.14,2955
US1.AAPL,1,20200714,121000,382.16,382.17,381.75,381.84,3035
US1.AAPL,1,20200714,121100,381.85,382.5,381.84,382.5,2800
US1.AAPL,1,20200714,121200,382.51,382.51,382.14,382.38,2400
US1.AAPL,1,20200714,121300,382.31,382.44,382.27,382.36,1400
US1.AAPL,1,20200714,121400,382.34,382.54,382.26,382.26,1800
US1.AAPL,1,20200714,121500,382.12,382.12,381.94,382.11,400
US1.AAPL,1,20200714,121600,382.05,382.2,381.94,382.1,8169
US1.AAPL,1,20200714,121700,382.05,382.55,382.05,382.55,2470
US1.AAPL,1,20200714,121800,382.57,383.26,382.57,383.22,5374
US1.AAPL,1,20200714,121900,383.26,383.94,383.24,383.76,5889
US1.AAPL,1,20200714,122000,383.78,383.78,383.37,383.46,4311
US1.AAPL,1,20200714,122100,383.4,383.61,383.18,383.44,7195
US1.AAPL,1,20200714,122200,383.43,383.76,383.4,383.76,1800
US1.AAPL,1,20200714,122300,383.84,384.06,383.69,383.82,3173
US1.AAPL,1,20200714,122400,383.86,384.07,383.81,383.82,2300
US1.AAPL,1,20200714,122500,383.69,383.95,383.68,383.72,2320
US1.AAPL,1,20200714,122600,383.66,383.66,383.23,383.39,2360
US1.AAPL,1,20200714,122700,383.32,383.43,383.28,383.39,1100
US1.AAPL,1,20200714,122800,383.17,383.25,383.06,383.22,1500
US1.AAPL,1,20200714,122900,383.23,383.23,382.88,382.88,1400
US1.AAPL,1,20200714,123000,382.93,382.99,382.48,382.57,5167
US1.AAPL,1,20200714,123100,382.61,383,382.61,382.97,1411
US1.AAPL,1,20200714,123200,383.1,383.31,383.01,383.27,4100
US1.AAPL,1,20200714,123300,383.18,383.44,383.1,383.37,1600
US1.AAPL,1,20200714,123400,383.25,383.25,383.03,383.14,1935
US1.AAPL,1,20200714,123500,383.09,383.09,382.58,382.7,2000
US1.AAPL,1,20200714,123600,382.92,383.43,382.92,383.41,1900
US1.AAPL,1,20200714,123700,383.42,383.5,383.27,383.37,1973
US1.AAPL,1,20200714,123800,383.39,383.48,383.31,383.48,1300
US1.AAPL,1,20200714,123900,383.46,383.57,383.4,383.4,900
US1.AAPL,1,20200714,124000,383.46,383.5,383.16,383.5,2050
US1.AAPL,1,20200714,124100,383.56,383.66,383.13,383.17,1500
US1.AAPL,1,20200714,124200,383.17,383.42,383.17,383.42,1100
US1.AAPL,1,20200714,124300,383.18,383.18,382.79,382.79,1100
US1.AAPL,1,20200714,124400,382.89,383.11,382.89,383.11,1200
US1.AAPL,1,20200714,124500,383.04,383.04,382.4,382.54,4050
US1.AAPL,1,20200714,124600,382.66,383.19,382.66,383.18,5764
US1.AAPL,1,20200714,124700,383.3,383.55,383.16,383.31,2400
US1.AAPL,1,20200714,124800,383.24,383.33,383.16,383.33,2500
US1.AAPL,1,20200714,124900,383.39,383.43,383.39,383.41,300
US1.AAPL,1,20200714,125000,383.41,383.46,383.41,383.45,600
US1.AAPL,1,20200714,125100,383.08,383.15,382.95,382.97,1200
US1.AAPL,1,20200714,125200,382.98,383.05,382.41,382.53,5419
US1.AAPL,1,20200714,125300,382.75,382.76,382.57,382.69,4690
US1.AAPL,1,20200714,125400,382.64,382.72,382.24,382.24,3100
US1.AAPL,1,20200714,125500,382.35,382.35,382.02,382.09,2100
US1.AAPL,1,20200714,125600,382.05,382.15,381.5,381.6,5991
US1.AAPL,1,20200714,125700,381.7,381.72,381.55,381.57,950
US1.AAPL,1,20200714,125800,381.45,381.45,381.13,381.29,4506
US1.AAPL,1,20200714,125900,381.52,381.55,381.23,381.4,1632
US1.AAPL,1,20200714,130000,381.45,381.59,381.45,381.48,1651
US1.AAPL,1,20200714,130100,381.44,381.65,381,381,2942
US1.AAPL,1,20200714,130200,380.89,380.93,380.52,380.68,2786
US1.AAPL,1,20200714,130300,380.67,380.99,380.38,380.38,1300
US1.AAPL,1,20200714,130400,380.43,380.69,380.4,380.65,5891
US1.AAPL,1,20200714,130500,380.66,380.83,380.57,380.64,3600
US1.AAPL,1,20200714,130600,380.97,381.2,380.97,381.2,1300
US1.AAPL,1,20200714,130700,381.17,381.17,380.67,380.84,5400
US1.AAPL,1,20200714,130800,380.76,380.76,380.25,380.25,1900
US1.AAPL,1,20200714,130900,380.33,380.33,380.02,380.29,3281
US1.AAPL,1,20200714,131000,380.33,380.57,380.33,380.48,2000
US1.AAPL,1,20200714,131100,380.38,380.38,380.07,380.35,4100
US1.AAPL,1,20200714,131200,380.51,380.89,380.33,380.83,3152
US1.AAPL,1,20200714,131300,380.57,380.76,380.53,380.54,2600
US1.AAPL,1,20200714,131400,380.63,381.18,380.63,381.12,4900
US1.AAPL,1,20200714,131500,381.12,381.52,381.12,381.33,3850
US1.AAPL,1,20200714,131600,381.4,381.57,381.26,381.57,1900
US1.AAPL,1,20200714,131700,381.63,381.73,381.2,381.31,3422
US1.AAPL,1,20200714,131800,381.46,381.52,381.19,381.26,2075
US1.AAPL,1,20200714,131900,381.27,381.27,380.83,381.04,5500
US1.AAPL,1,20200714,132000,380.99,381.29,380.95,381.29,1100
US1.AAPL,1,20200714,132100,381.15,381.45,381.15,381.45,1537
US1.AAPL,1,20200714,132200,381.48,381.91,381.33,381.62,6339
US1.AAPL,1,20200714,132300,381.57,381.84,381.57,381.71,2500
US1.AAPL,1,20200714,132400,381.63,381.71,381.59,381.59,815
US1.AAPL,1,20200714,132500,381.57,381.57,381.39,381.47,600
US1.AAPL,1,20200714,132600,381.49,381.85,381.33,381.75,1200
US1.AAPL,1,20200714,132700,381.75,381.92,381.7,381.92,1100
US1.AAPL,1,20200714,132800,381.94,382.11,381.93,382.05,2317
US1.AAPL,1,20200714,132900,382.09,382.15,382,382.04,1710
US1.AAPL,1,20200714,133000,381.94,381.94,381.85,381.86,1708
US1.AAPL,1,20200714,133100,381.8,382.2,381.8,382.14,2100
US1.AAPL,1,20200714,133200,382.24,382.61,382.23,382.56,6784
US1.AAPL,1,20200714,133300,382.62,382.73,382.6,382.68,1600
US1.AAPL,1,20200714,133400,382.76,382.93,382.7,382.89,2000
US1.AAPL,1,20200714,133500,382.92,382.99,382.72,382.79,2600
US1.AAPL,1,20200714,133600,382.75,382.86,382.6,382.85,3591
US1.AAPL,1,20200714,133700,382.76,383.01,382.76,383.01,1047
US1.AAPL,1,20200714,133800,382.9,382.91,382.57,382.68,3184
US1.AAPL,1,20200714,133900,382.78,383.42,382.78,383.18,6145
US1.AAPL,1,20200714,134000,383.16,383.47,383.13,383.44,3991
US1.AAPL,1,20200714,134100,383.32,383.4,383.23,383.33,1000
US1.AAPL,1,20200714,134200,383.25,383.25,383.11,383.11,873
US1.AAPL,1,20200714,134300,383.25,383.51,383.19,383.4,1726
US1.AAPL,1,20200714,134400,383.39,383.62,383.38,383.57,2505
US1.AAPL,1,20200714,134500,383.52,383.6,383.44,383.44,1190
US1.AAPL,1,20200714,134600,383.35,383.52,383.3,383.52,2200
US1.AAPL,1,20200714,134700,383.64,383.9,383.55,383.59,6252
US1.AAPL,1,20200714,134800,383.53,383.53,383.25,383.43,1999
US1.AAPL,1,20200714,134900,383.55,383.81,383.49,383.78,3884
US1.AAPL,1,20200714,135000,383.72,383.87,383.43,383.565,2896
US1.AAPL,1,20200714,135100,383.53,383.53,383.3,383.35,1500
US1.AAPL,1,20200714,135200,383.32,383.32,382.93,383.26,3229
US1.AAPL,1,20200714,135300,383.35,383.5,383.3,383.39,1600
US1.AAPL,1,20200714,135400,383.49,384.2,383.49,384.2,7700
US1.AAPL,1,20200714,135500,384.16,384.56,384.13,384.38,8145
US1.AAPL,1,20200714,135600,384.51,384.6,384.14,384.49,13193
US1.AAPL,1,20200714,135700,384.53,384.76,384.52,384.52,2899
US1.AAPL,1,20200714,135800,384.53,384.53,384.17,384.28,1700
US1.AAPL,1,20200714,135900,384.35,384.49,382.87,383.25,17995
US1.AAPL,1,20200714,140000,383.39,383.44,382.53,383.15,5616
US1.AAPL,1,20200714,140100,383.07,384.18,382.69,383.77,8328
US1.AAPL,1,20200714,140200,383.92,384.16,383.67,383.97,3107
US1.AAPL,1,20200714,140300,384.05,384.59,384.04,384.42,4251
US1.AAPL,1,20200714,140400,384.3,384.3,383.91,384.21,5003
US1.AAPL,1,20200714,140500,384.21,384.37,384.02,384.19,1246
US1.AAPL,1,20200714,140600,384.1,384.18,383.94,383.95,1623
US1.AAPL,1,20200714,140700,384.05,384.16,383.83,383.83,3000
US1.AAPL,1,20200714,140800,383.73,383.85,383.44,383.76,3200
US1.AAPL,1,20200714,140900,383.9,383.96,383.67,383.67,1800
US1.AAPL,1,20200714,141000,383.95,384.2,383.95,384.2,1900
US1.AAPL,1,20200714,141100,384.35,384.44,384,384,5245
US1.AAPL,1,20200714,141200,383.99,384.28,383.99,384.28,1300
US1.AAPL,1,20200714,141300,384.37,384.4,384.21,384.23,900
US1.AAPL,1,20200714,141400,384.22,384.57,384.13,384.48,2260
US1.AAPL,1,20200714,141500,384.39,384.75,384.39,384.75,1800
US1.AAPL,1,20200714,141600,384.77,385.07,384.54,385.01,7710
US1.AAPL,1,20200714,141700,384.98,384.98,384.67,384.82,3146
US1.AAPL,1,20200714,141800,384.78,385.19,384.66,385.19,4709
US1.AAPL,1,20200714,141900,385.14,385.46,384.99,385.38,5178
US1.AAPL,1,20200714,142000,385.39,385.68,385.25,385.54,6571
US1.AAPL,1,20200714,142100,385.66,386,385.41,385.99,5982
US1.AAPL,1,20200714,142200,386,386.34,385.9,386.3,10944
US1.AAPL,1,20200714,142300,386.31,386.8,385.95,386.75,10775
US1.AAPL,1,20200714,142400,386.55,386.69,386.49,386.69,3958
US1.AAPL,1,20200714,142500,386.59,386.59,386.16,386.51,4500
US1.AAPL,1,20200714,142600,386.54,386.92,386.48,386.48,9384
US1.AAPL,1,20200714,142700,386.68,386.77,386.16,386.25,6100
US1.AAPL,1,20200714,142800,386.27,386.68,385.87,386.06,10753
US1.AAPL,1,20200714,142900,386.09,386.4,386.07,386.3,4942
US1.AAPL,1,20200714,143000,386.22,386.56,386.22,386.55,4123
US1.AAPL,1,20200714,143100,386.61,387.14,386.61,386.83,12024
US1.AAPL,1,20200714,143200,386.87,387.09,386.8,387.03,6546
US1.AAPL,1,20200714,143300,387.07,387.43,387.07,387.23,13457
US1.AAPL,1,20200714,143400,387.17,387.21,386.71,386.84,4927
US1.AAPL,1,20200714,143500,386.8,387.07,386.59,386.8,5400
US1.AAPL,1,20200714,143600,386.86,386.96,386.45,386.74,6200
US1.AAPL,1,20200714,143700,386.84,386.89,386.57,386.89,3482
US1.AAPL,1,20200714,143800,386.78,386.8,385.96,385.99,7375
US1.AAPL,1,20200714,143900,386,386.02,385.63,385.7,6900
US1.AAPL,1,20200714,144000,385.84,385.98,385.51,385.62,9553
US1.AAPL,1,20200714,144100,385.67,386.07,385.67,385.98,3850
US1.AAPL,1,20200714,144200,386.06,386.07,385.54,385.8,6667
US1.AAPL,1,20200714,144300,385.8,385.99,385.79,385.79,900
US1.AAPL,1,20200714,144400,385.95,386.12,385.73,385.76,2400
US1.AAPL,1,20200714,144500,385.95,386.09,385.9,386.09,500
US1.AAPL,1,20200714,144600,385.9,386.69,385.69,386.54,8066
US1.AAPL,1,20200714,144700,386.56,386.58,386.41,386.41,5102
US1.AAPL,1,20200714,144800,386.36,386.45,386.09,386.09,3168
US1.AAPL,1,20200714,144900,386.21,386.21,385.63,385.63,3600
US1.AAPL,1,20200714,145000,385.6,385.8,385.34,385.46,10537
US1.AAPL,1,20200714,145100,385.46,385.92,385.4,385.73,4341
US1.AAPL,1,20200714,145200,385.81,385.81,385.38,385.5,2662
US1.AAPL,1,20200714,145300,385.56,385.7,385.45,385.53,2180
US1.AAPL,1,20200714,145400,385.68,385.68,385.28,385.36,2237
US1.AAPL,1,20200714,145500,385.43,385.74,385.43,385.54,2000
US1.AAPL,1,20200714,145600,385.6,385.6,385.22,385.31,1600
US1.AAPL,1,20200714,145700,385.39,386.15,385.39,386.13,6088
US1.AAPL,1,20200714,145800,386.1,386.62,386.09,386.62,4657
US1.AAPL,1,20200714,145900,386.66,386.8,386.38,386.48,9559
US1.AAPL,1,20200714,150000,386.46,386.68,386.35,386.59,6650
US1.AAPL,1,20200714,150100,386.57,386.65,386.12,386.62,9200
US1.AAPL,1,20200714,150200,386.59,386.78,386.39,386.59,2500
US1.AAPL,1,20200714,150300,386.61,386.61,385.91,386,7100
US1.AAPL,1,20200714,150400,386.07,386.12,385.26,385.35,7619
US1.AAPL,1,20200714,150500,385.26,385.26,384.46,384.56,7038
US1.AAPL,1,20200714,150600,384.69,384.9,384.33,384.41,10974
US1.AAPL,1,20200714,150700,384.35,384.58,383.88,383.93,6857
US1.AAPL,1,20200714,150800,383.91,384.36,383.91,384.32,3299
US1.AAPL,1,20200714,150900,384.26,384.62,384.13,384.52,7100
US1.AAPL,1,20200714,151000,384.29,384.38,383.92,383.96,3695
US1.AAPL,1,20200714,151100,384.15,384.39,384.15,384.19,3463
US1.AAPL,1,20200714,151200,384.27,384.48,384.2,384.29,2400
US1.AAPL,1,20200714,151300,384.37,384.46,383.69,383.82,4598
US1.AAPL,1,20200714,151400,383.9,383.91,383.37,383.7,5332
US1.AAPL,1,20200714,151500,383.67,383.97,383.61,383.86,2249
US1.AAPL,1,20200714,151600,383.71,383.83,383.39,383.59,6491
US1.AAPL,1,20200714,151700,383.5,383.5,382.87,383.31,11687
US1.AAPL,1,20200714,151800,383.26,383.46,383.11,383.46,5195
US1.AAPL,1,20200714,151900,383.42,383.57,383.23,383.57,4374
US1.AAPL,1,20200714,152000,383.51,383.91,383.5,383.78,8400
US1.AAPL,1,20200714,152100,383.77,384.64,383.76,384.64,10232
US1.AAPL,1,20200714,152200,384.64,385.11,384.36,385.09,8338
US1.AAPL,1,20200714,152300,384.99,385.13,384.65,385.13,3925
US1.AAPL,1,20200714,152400,385.11,385.47,385.11,385.47,4977
US1.AAPL,1,20200714,152500,385.61,385.85,385.31,385.55,8036
US1.AAPL,1,20200714,152600,385.58,385.83,385.41,385.83,5747
US1.AAPL,1,20200714,152700,385.82,386.16,385.82,386.02,6609
US1.AAPL,1,20200714,152800,386.15,386.17,385.655,385.75,7550
US1.AAPL,1,20200714,152900,385.78,385.78,385.25,385.28,4760
US1.AAPL,1,20200714,153000,385.29,385.68,385.22,385.68,5375
US1.AAPL,1,20200714,153100,385.82,385.82,385.36,385.61,3884
US1.AAPL,1,20200714,153200,385.39,386.08,385.39,385.99,5968
US1.AAPL,1,20200714,153300,385.93,386.01,385.5,385.5,7051
US1.AAPL,1,20200714,153400,385.67,386.18,385.67,386.09,5200
US1.AAPL,1,20200714,153500,386.09,386.14,385.84,385.97,4875
US1.AAPL,1,20200714,153600,386,386.01,385.38,385.64,10030
US1.AAPL,1,20200714,153700,385.59,385.89,385.59,385.7,3441
US1.AAPL,1,20200714,153800,385.59,385.63,385.33,385.49,4484
US1.AAPL,1,20200714,153900,385.54,385.99,385.43,385.86,3800
US1.AAPL,1,20200714,154000,385.99,386.39,385.83,386.29,5581
US1.AAPL,1,20200714,154100,386.29,386.6,386.12,386.56,5100
US1.AAPL,1,20200714,154200,386.51,386.55,386.32,386.42,4126
US1.AAPL,1,20200714,154300,386.37,386.94,386.37,386.89,3678
US1.AAPL,1,20200714,154400,386.9,387.3,386.89,387.17,12481
US1.AAPL,1,20200714,154500,387.12,387.12,386.6,386.72,11925
US1.AAPL,1,20200714,154600,386.73,386.95,386.66,386.91,5000
US1.AAPL,1,20200714,154700,386.81,386.97,386.75,386.79,5577
US1.AAPL,1,20200714,154800,386.77,387.1,386.71,386.935,4363
US1.AAPL,1,20200714,154900,386.92,387.18,386.9,387.17,4087
US1.AAPL,1,20200714,155000,387.1,388,386.82,387.61,31490
US1.AAPL,1,20200714,155100,387.62,388.72,387.62,388.33,50903
US1.AAPL,1,20200714,155200,388.37,388.66,388.14,388.26,17167
US1.AAPL,1,20200714,155300,388.37,388.73,388.36,388.645,13669
US1.AAPL,1,20200714,155400,388.71,388.77,388.5,388.77,21519
US1.AAPL,1,20200714,155500,388.85,388.95,388.38,388.56,22337
US1.AAPL,1,20200714,155600,388.51,388.87,387.83,388.8,28217
US1.AAPL,1,20200714,155700,388.9,388.965,388.5,388.88,16963
US1.AAPL,1,20200714,155800,388.9,388.99,388.57,388.71,19113
US1.AAPL,1,20200714,155900,388.76,389,388.715,388.91,14530
US1.AAPL,1,20200714,160000,388.91,389,388.22,388.22,43142
US1.AAPL,1,20200715,93100,395.96,396.31,395.21,395.66,29791
US1.AAPL,1,20200715,93200,395.38,395.58,393.89,393.89,14266
US1.AAPL,1,20200715,93300,393.8,395.17,393.25,395,12774
US1.AAPL,1,20200715,93400,394.93,395.66,394.93,395.27,13303
US1.AAPL,1,20200715,93500,395.39,395.54,393.87,394.12,13436
US1.AAPL,1,20200715,93600,393.94,393.98,392.45,393.5,13739
US1.AAPL,1,20200715,93700,393.53,394.18,393.53,393.55,8735
US1.AAPL,1,20200715,93800,393.83,395.14,393.83,394.59,14742
US1.AAPL,1,20200715,93900,394.55,394.74,393.96,394.06,13758
US1.AAPL,1,20200715,94000,394.18,394.29,393.74,393.88,5926
US1.AAPL,1,20200715,94100,393.79,393.8,392.9,393.31,26907
US1.AAPL,1,20200715,94200,393.76,395.18,393.73,394.91,13545
US1.AAPL,1,20200715,94300,394.9,395.96,394.74,395.85,21661
US1.AAPL,1,20200715,94400,395.88,395.99,395.5,395.87,8839
US1.AAPL,1,20200715,94500,395.985,396.93,395.69,396.87,18206
US1.AAPL,1,20200715,94600,396.92,396.98,395.73,395.73,11787
US1.AAPL,1,20200715,94700,395.37,395.67,394.68,395.59,13182
US1.AAPL,1,20200715,94800,395.52,396,395.5,395.76,5085
US1.AAPL,1,20200715,94900,395.77,395.9,395.42,395.89,4823
US1.AAPL,1,20200715,95000,396,396.47,396,396.21,21291
US1.AAPL,1,20200715,95100,396.25,396.63,395.58,395.58,8645
US1.AAPL,1,20200715,95200,395.95,396.13,395.28,395.6,5300
US1.AAPL,1,20200715,95300,395.54,395.54,395.22,395.38,3324
US1.AAPL,1,20200715,95400,395.4,395.53,394.79,394.89,4848
US1.AAPL,1,20200715,95500,394.76,395.19,394.32,395.16,6400
US1.AAPL,1,20200715,95600,395.27,395.77,395.16,395.16,4497
US1.AAPL,1,20200715,95700,395.27,395.52,394.3,394.35,4909
US1.AAPL,1,20200715,95800,394.55,394.77,394,394,13065
US1.AAPL,1,20200715,95900,393.99,394.17,393.62,393.62,5300
US1.AAPL,1,20200715,100000,393.58,394.49,393.58,394.49,6387
US1.AAPL,1,20200715,100100,394.57,394.97,394.53,394.65,4401
US1.AAPL,1,20200715,100200,394.76,394.83,393.95,393.95,4700
US1.AAPL,1,20200715,100300,394.1,394.25,393.64,393.88,4264
US1.AAPL,1,20200715,100400,393.74,394.28,393.72,394.28,4463
US1.AAPL,1,20200715,100500,394.21,394.63,393.65,393.85,5505
US1.AAPL,1,20200715,100600,393.88,394.84,393.86,394.66,7905
US1.AAPL,1,20200715,100700,394.8,395.16,394.79,395,10027
US1.AAPL,1,20200715,100800,395.06,395.46,394.76,395.43,7903
US1.AAPL,1,20200715,100900,395.4,395.61,395.21,395.45,4940
US1.AAPL,1,20200715,101000,395.54,395.54,394.64,394.87,5081
US1.AAPL,1,20200715,101100,395.06,395.15,394.02,394.26,5100
US1.AAPL,1,20200715,101200,394.35,395.09,394,394.97,5435
US1.AAPL,1,20200715,101300,395.05,395.35,394.91,394.93,2963
US1.AAPL,1,20200715,101400,394.7,394.7,394.39,394.61,1266
US1.AAPL,1,20200715,101500,394.65,395.27,394.62,395.1,5126
US1.AAPL,1,20200715,101600,395.14,395.2,394.26,394.55,3950
US1.AAPL,1,20200715,101700,394.61,394.99,394.58,394.85,8000
US1.AAPL,1,20200715,101800,394.68,394.74,394.64,394.64,900
US1.AAPL,1,20200715,101900,394.61,394.95,394.36,394.78,4520
US1.AAPL,1,20200715,102000,394.96,395.08,394.81,394.87,2655
US1.AAPL,1,20200715,102100,394.86,395.08,394.62,394.65,1800
US1.AAPL,1,20200715,102200,394.57,395.32,394.54,395.25,3159
US1.AAPL,1,20200715,102300,395.14,395.6,394.97,395.39,6105
US1.AAPL,1,20200715,102400,395.31,395.42,395.07,395.07,1500
US1.AAPL,1,20200715,102500,395.14,395.24,394.69,395.24,5903
US1.AAPL,1,20200715,102600,395.22,395.41,395.15,395.33,4034
US1.AAPL,1,20200715,102700,395.49,395.51,395.17,395.3,2218
US1.AAPL,1,20200715,102800,395.18,395.23,394.76,394.76,2613
US1.AAPL,1,20200715,102900,394.89,394.97,394.65,394.97,3799
US1.AAPL,1,20200715,103000,394.99,395.09,394.78,394.88,3711
US1.AAPL,1,20200715,103100,395,395.18,394.92,395.08,2728
US1.AAPL,1,20200715,103200,395,395,394.16,394.39,4797
US1.AAPL,1,20200715,103300,394.39,394.42,393.94,394.2,6457
US1.AAPL,1,20200715,103400,394,394.47,394,394.27,2200
US1.AAPL,1,20200715,103500,394.2,394.2,393.66,393.8,3071
US1.AAPL,1,20200715,103600,393.81,394.25,393.81,394.25,1649
US1.AAPL,1,20200715,103700,394.26,394.53,394.26,394.5,3212
US1.AAPL,1,20200715,103800,394.44,394.44,394.12,394.25,2501
US1.AAPL,1,20200715,103900,394.29,394.36,394.09,394.1,1904
US1.AAPL,1,20200715,104000,394.1,394.24,393.88,393.88,1337
US1.AAPL,1,20200715,104100,393.97,394.4,393.8,394.27,4460
US1.AAPL,1,20200715,104200,394.29,394.53,394.16,394.53,2786
US1.AAPL,1,20200715,104300,394.56,394.87,394.44,394.68,4734
US1.AAPL,1,20200715,104400,394.69,394.8,394.69,394.8,1200
US1.AAPL,1,20200715,104500,394.61,394.63,394.32,394.53,2800
US1.AAPL,1,20200715,104600,394.51,394.76,394.5,394.55,1366
US1.AAPL,1,20200715,104700,394.28,394.5,394.25,394.5,900
US1.AAPL,1,20200715,104800,394.55,394.73,394.55,394.7,2407
US1.AAPL,1,20200715,104900,394.59,394.65,394.41,394.52,2500
US1.AAPL,1,20200715,105000,394.4,394.61,394.31,394.35,1859
US1.AAPL,1,20200715,105100,394.37,394.37,393.96,393.99,5129
US1.AAPL,1,20200715,105200,393.98,394.18,393.7,394.18,2978
US1.AAPL,1,20200715,105300,394.37,394.37,394,394.15,1000
US1.AAPL,1,20200715,105400,394.21,394.23,393.8,393.8,2179
US1.AAPL,1,20200715,105500,393.85,393.85,393.25,393.25,7200
US1.AAPL,1,20200715,105600,393.4,393.41,392.2,392.29,16616
US1.AAPL,1,20200715,105700,392.3,392.32,390.54,390.75,20007
US1.AAPL,1,20200715,105800,390.61,391.43,390.28,391.28,13219
US1.AAPL,1,20200715,105900,391.33,391.6,391.27,391.54,6574
US1.AAPL,1,20200715,110000,391.54,391.54,390.78,390.78,6567
US1.AAPL,1,20200715,110100,390.99,391.1,390.1,390.53,4180
US1.AAPL,1,20200715,110200,390.3,390.46,389.87,390.33,11460
US1.AAPL,1,20200715,110300,390.39,390.69,390.2,390.44,3258
US1.AAPL,1,20200715,110400,390.4,390.49,388.96,388.96,35529
US1.AAPL,1,20200715,110500,388.8,389.34,388.27,388.42,10175
US1.AAPL,1,20200715,110600,388.49,389.37,388.42,389.12,14042
US1.AAPL,1,20200715,110700,388.94,388.94,387.85,387.85,14228
US1.AAPL,1,20200715,110800,387.61,388.05,387.42,387.46,6685
US1.AAPL,1,20200715,110900,387.5,388.19,387.5,387.67,5378
US1.AAPL,1,20200715,111000,387.75,389.21,387.75,389.12,9376
US1.AAPL,1,20200715,111100,389.1,389.63,388.71,389.57,10753
US1.AAPL,1,20200715,111200,389.52,389.53,389.02,389.37,5549
US1.AAPL,1,20200715,111300,389.51,389.85,389.47,389.54,7504
US1.AAPL,1,20200715,111400,389.49,389.95,389.49,389.8,6189
US1.AAPL,1,20200715,111500,389.73,389.73,389.48,389.72,3721
US1.AAPL,1,20200715,111600,389.68,389.88,389.41,389.41,5619
US1.AAPL,1,20200715,111700,389.31,389.35,388.8,389.11,4041
US1.AAPL,1,20200715,111800,389.12,389.63,388.78,389.6,2690
US1.AAPL,1,20200715,111900,389.54,389.93,389.28,389.3,6444
US1.AAPL,1,20200715,112000,389.28,389.65,389.08,389.59,3074
US1.AAPL,1,20200715,112100,389.51,389.86,389.38,389.55,4500
US1.AAPL,1,20200715,112200,389.42,389.44,388.94,389.09,5448
US1.AAPL,1,20200715,112300,388.79,388.79,388.08,388.08,6410
US1.AAPL,1,20200715,112400,388.12,388.47,387.96,388.16,9735
US1.AAPL,1,20200715,112500,388,388.15,387.83,388.14,7216
US1.AAPL,1,20200715,112600,388.18,389.1,387.8,388.95,6250
US1.AAPL,1,20200715,112700,388.81,389.42,388.72,389.39,8324
US1.AAPL,1,20200715,112800,389.37,390.18,389.18,390.03,12810
US1.AAPL,1,20200715,112900,389.96,390.52,389.69,390.32,11759
US1.AAPL,1,20200715,113000,390.28,390.48,390.12,390.44,3036
US1.AAPL,1,20200715,113100,390.24,390.63,390.22,390.62,3500
US1.AAPL,1,20200715,113200,390.58,390.77,390.18,390.77,4997
US1.AAPL,1,20200715,113300,390.75,390.76,390.33,390.52,4765
US1.AAPL,1,20200715,113400,390.33,390.37,389.76,389.83,6417
US1.AAPL,1,20200715,113500,389.96,390,389.55,389.62,1871
US1.AAPL,1,20200715,113600,389.55,390,389.55,389.79,3285
US1.AAPL,1,20200715,113700,389.72,390.29,389.64,390.07,4545
US1.AAPL,1,20200715,113800,389.9,390.36,389.855,389.91,3556
US1.AAPL,1,20200715,113900,389.98,390.31,389.62,389.63,5029
US1.AAPL,1,20200715,114000,389.84,389.84,388.88,388.94,6058
US1.AAPL,1,20200715,114100,388.65,389.23,388.49,389.15,6320
US1.AAPL,1,20200715,114200,389.14,389.57,389.14,389.51,3772
US1.AAPL,1,20200715,114300,389.51,389.51,388.65,388.65,2300
US1.AAPL,1,20200715,114400,388.72,389.15,388.01,388.01,7081
US1.AAPL,1,20200715,114500,388,388.41,388,388.34,3836
US1.AAPL,1,20200715,114600,388.32,388.73,387.87,388.18,4588
US1.AAPL,1,20200715,114700,388.21,388.21,386.86,386.86,5388
US1.AAPL,1,20200715,114800,386.84,387.36,386.84,387.34,4718
US1.AAPL,1,20200715,114900,387.34,387.45,387,387.14,3651
US1.AAPL,1,20200715,115000,387.26,387.575,387.1,387.575,8202
US1.AAPL,1,20200715,115100,387.56,388.1,387.48,387.96,5100
US1.AAPL,1,20200715,115200,387.92,388.24,387.78,387.84,5589
US1.AAPL,1,20200715,115300,387.78,387.87,387.46,387.87,3217
US1.AAPL,1,20200715,115400,387.9,388.5,387.89,388.5,3444
US1.AAPL,1,20200715,115500,388.48,388.92,388.42,388.88,8024
US1.AAPL,1,20200715,115600,388.97,388.97,388.34,388.48,4502
US1.AAPL,1,20200715,115700,388.6,388.7,388.4,388.41,2844
US1.AAPL,1,20200715,115800,388.44,388.51,387.75,388.14,5669
US1.AAPL,1,20200715,115900,387.95,388.51,387.95,388.14,2413
US1.AAPL,1,20200715,120000,388.23,388.23,386.86,386.86,10933
US1.AAPL,1,20200715,120100,386.87,387.49,386.69,386.69,3744
US1.AAPL,1,20200715,120200,386.68,386.68,386.14,386.16,3400
US1.AAPL,1,20200715,120300,386.29,386.75,386.23,386.35,3520
US1.AAPL,1,20200715,120400,386.48,386.83,386.47,386.53,9619
US1.AAPL,1,20200715,120500,386.64,386.64,386,386.51,6895
US1.AAPL,1,20200715,120600,386.4,387.24,386.4,386.92,5676
US1.AAPL,1,20200715,120700,386.9,387.1,386.6,387.04,4401
US1.AAPL,1,20200715,120800,387.055,387.19,386.64,386.64,5445
US1.AAPL,1,20200715,120900,386.5,386.98,386.46,386.58,2062
US1.AAPL,1,20200715,121000,386.83,386.91,386.65,386.71,1400
US1.AAPL,1,20200715,121100,386.72,386.72,386.12,386.21,2771
US1.AAPL,1,20200715,121200,386.45,386.5,386,386.37,5082
US1.AAPL,1,20200715,121300,386.43,386.43,386.19,386.19,2864
US1.AAPL,1,20200715,121400,386.23,386.47,386.23,386.47,900
US1.AAPL,1,20200715,121500,386.56,387.19,386.55,387.16,3526
US1.AAPL,1,20200715,121600,387.02,387.43,387.01,387.29,6043
US1.AAPL,1,20200715,121700,387.02,387.6,386.9,387.48,4113
US1.AAPL,1,20200715,121800,387.58,387.69,387.39,387.69,2200
US1.AAPL,1,20200715,121900,387.6,387.6,387.36,387.54,3042
US1.AAPL,1,20200715,122000,387.61,387.96,387.61,387.8,6271
US1.AAPL,1,20200715,122100,387.78,388.3,387.62,388.3,3642
US1.AAPL,1,20200715,122200,388.21,388.25,387.72,387.94,5069
US1.AAPL,1,20200715,122300,387.9,388.17,387.72,388.01,3500
US1.AAPL,1,20200715,122400,388.06,388.08,387.95,387.97,1400
US1.AAPL,1,20200715,122500,387.91,388.12,387.01,387.14,6303
US1.AAPL,1,20200715,122600,387.42,387.56,387.14,387.32,1700
US1.AAPL,1,20200715,122700,387.43,388,387.32,388,3223
US1.AAPL,1,20200715,122800,388.08,388.23,387.98,388.09,5272
US1.AAPL,1,20200715,122900,388.22,388.84,388.22,388.73,7188
US1.AAPL,1,20200715,123000,388.65,389,388.65,388.85,2922
US1.AAPL,1,20200715,123100,388.86,389.2,388.67,389.03,4482
US1.AAPL,1,20200715,123200,389,389,388.39,388.47,5731
US1.AAPL,1,20200715,123300,388.56,388.64,388.02,388.25,5448
US1.AAPL,1,20200715,123400,388.28,388.45,387.4,387.68,5652
US1.AAPL,1,20200715,123500,387.78,388.21,387.78,388.21,3500
US1.AAPL,1,20200715,123600,388.16,388.21,387.8,388.2,1900
US1.AAPL,1,20200715,123700,388.38,388.98,388.38,388.8,3701
US1.AAPL,1,20200715,123800,388.78,388.85,388.37,388.38,1180
US1.AAPL,1,20200715,123900,388.57,388.58,388.23,388.23,2058
US1.AAPL,1,20200715,124000,388.31,388.31,387.95,388.16,4624
US1.AAPL,1,20200715,124100,388.18,388.46,387.96,388.34,1840
US1.AAPL,1,20200715,124200,388.36,388.54,388.32,388.52,1437
US1.AAPL,1,20200715,124300,388.49,388.64,388.22,388.62,2838
US1.AAPL,1,20200715,124400,388.56,388.77,388.52,388.69,3238
US1.AAPL,1,20200715,124500,388.67,388.82,388.46,388.68,1900
US1.AAPL,1,20200715,124600,388.71,388.78,388.5,388.7,2791
US1.AAPL,1,20200715,124700,388.76,389.25,388.59,389.17,11944
US1.AAPL,1,20200715,124800,389.21,389.77,389.19,389.77,4644
US1.AAPL,1,20200715,124900,389.6,389.68,389.55,389.67,2827
US1.AAPL,1,20200715,125000,389.6,389.6,389.46,389.54,2078
US1.AAPL,1,20200715,125100,389.55,390.01,389.54,390.01,3864
US1.AAPL,1,20200715,125200,389.98,390.18,389.9,390.07,3240
US1.AAPL,1,20200715,125300,390.07,390.07,389.67,389.67,1594
US1.AAPL,1,20200715,125400,389.87,389.91,389.72,389.72,1000
US1.AAPL,1,20200715,125500,389.71,390.12,389.71,389.99,2350
US1.AAPL,1,20200715,125600,389.94,389.94,389.7,389.7,1600
US1.AAPL,1,20200715,125700,389.63,389.89,389.63,389.78,1840
US1.AAPL,1,20200715,125800,389.85,389.96,389.8,389.91,2400
US1.AAPL,1,20200715,125900,389.85,389.97,389.6,389.6,2767
US1.AAPL,1,20200715,130000,389.6,389.85,389.52,389.85,1500
US1.AAPL,1,20200715,130100,389.83,389.87,389.72,389.85,4342
US1.AAPL,1,20200715,130200,389.69,389.74,389.3,389.37,7230
US1.AAPL,1,20200715,130300,389.38,389.38,388.83,388.83,6501
US1.AAPL,1,20200715,130400,388.87,388.87,388.58,388.73,1600
US1.AAPL,1,20200715,130500,388.74,389.01,388.74,388.87,1200
US1.AAPL,1,20200715,130600,389.16,389.19,388.77,388.83,1300
US1.AAPL,1,20200715,130700,388.82,388.99,388.76,388.76,1778
US1.AAPL,1,20200715,130800,388.88,389.15,388.87,388.96,2418
US1.AAPL,1,20200715,130900,388.96,389.22,388.91,389.18,1500
US1.AAPL,1,20200715,131000,389.22,390.2,389.2,390.15,14611
US1.AAPL,1,20200715,131100,390.22,390.9,390.06,390.64,11037
US1.AAPL,1,20200715,131200,390.73,390.85,390.45,390.47,5886
US1.AAPL,1,20200715,131300,390.46,390.51,390.35,390.39,3209
US1.AAPL,1,20200715,131400,390.31,390.31,390.21,390.29,700
US1.AAPL,1,20200715,131500,390.54,390.56,390.37,390.37,1700
US1.AAPL,1,20200715,131600,390.45,391.07,390.37,390.93,3100
US1.AAPL,1,20200715,131700,390.92,391.33,390.89,390.89,3228
US1.AAPL,1,20200715,131800,390.87,391.03,390.49,390.49,2245
US1.AAPL,1,20200715,131900,390.64,390.84,390.53,390.66,4902
US1.AAPL,1,20200715,132000,390.66,390.7,390.14,390.14,1700
US1.AAPL,1,20200715,132100,390.42,390.55,390.34,390.34,2500
US1.AAPL,1,20200715,132200,390.19,390.37,390.16,390.26,1449
US1.AAPL,1,20200715,132300,390.45,390.56,390.27,390.56,3523
US1.AAPL,1,20200715,132400,390.57,390.67,390.24,390.49,2312
US1.AAPL,1,20200715,132500,390.44,390.44,389.96,390,3595
US1.AAPL,1,20200715,132600,390.16,390.21,389.82,389.83,1844
US1.AAPL,1,20200715,132700,389.8,389.92,389.51,389.63,2901
US1.AAPL,1,20200715,132800,389.78,389.78,389.46,389.46,1521
US1.AAPL,1,20200715,132900,389.41,390,389.41,390,2300
US1.AAPL,1,20200715,133000,389.99,390.15,389.9,390.15,1768
US1.AAPL,1,20200715,133100,390.1,390.27,389.97,390.27,3100
US1.AAPL,1,20200715,133200,390.2,390.2,389.87,389.98,2000
US1.AAPL,1,20200715,133300,389.94,390.02,389.79,389.82,1189
US1.AAPL,1,20200715,133400,389.77,390.03,389.77,390.03,600
US1.AAPL,1,20200715,133500,389.86,390,389.86,389.94,700
US1.AAPL,1,20200715,133600,390.02,390.34,390.02,390.33,1400
US1.AAPL,1,20200715,133700,390.38,390.42,390.19,390.28,1000
US1.AAPL,1,20200715,133800,390.2,390.4,390.18,390.4,1400
US1.AAPL,1,20200715,133900,390.28,390.36,390.18,390.3,2100
US1.AAPL,1,20200715,134000,390.3,390.34,390.18,390.18,2500
US1.AAPL,1,20200715,134100,390.13,390.68,390.13,390.54,6638
US1.AAPL,1,20200715,134200,390.66,390.88,390.55,390.76,1944
US1.AAPL,1,20200715,134300,390.89,390.89,390.7,390.72,849
US1.AAPL,1,20200715,134400,390.8,390.91,390.37,390.37,1947
US1.AAPL,1,20200715,134500,390.56,390.86,390.56,390.67,2100
US1.AAPL,1,20200715,134600,390.87,390.95,390.71,390.71,3313
US1.AAPL,1,20200715,134700,390.9,391.03,390.9,390.97,2600
US1.AAPL,1,20200715,134800,390.95,390.95,390.67,390.82,2740
US1.AAPL,1,20200715,134900,390.79,390.86,390.71,390.71,1060
US1.AAPL,1,20200715,135000,390.78,390.78,390.5,390.54,1729
US1.AAPL,1,20200715,135100,390.57,390.71,390.53,390.66,1221
US1.AAPL,1,20200715,135200,390.68,390.82,390.59,390.82,2700
US1.AAPL,1,20200715,135300,390.92,390.92,390.75,390.75,1100
US1.AAPL,1,20200715,135400,390.64,390.64,390.16,390.24,4116
US1.AAPL,1,20200715,135500,390.34,390.52,390.21,390.24,1600
US1.AAPL,1,20200715,135600,390.25,390.4,390.19,390.23,1232
US1.AAPL,1,20200715,135700,390.41,390.46,389.91,390,3568
US1.AAPL,1,20200715,135800,389.98,389.98,389.43,389.51,3443
US1.AAPL,1,20200715,135900,389.64,389.76,389.55,389.55,1728
US1.AAPL,1,20200715,140000,389.57,389.6,389.4,389.6,2750
US1.AAPL,1,20200715,140100,389.51,389.54,389.07,389.49,3875
US1.AAPL,1,20200715,140200,389.55,390.47,389.55,390.42,5300
US1.AAPL,1,20200715,140300,390.5,391.06,390.42,391.01,6552
US1.AAPL,1,20200715,140400,391.04,391.42,390.95,391.27,6941
US1.AAPL,1,20200715,140500,391.2,391.48,391.06,391.37,5136
US1.AAPL,1,20200715,140600,391.28,391.79,391.16,391.72,7593
US1.AAPL,1,20200715,140700,391.69,391.77,391.39,391.39,6454
US1.AAPL,1,20200715,140800,391.21,391.42,391.12,391.12,2608
US1.AAPL,1,20200715,140900,391.04,391.13,390.84,391.04,4576
US1.AAPL,1,20200715,141000,391.2,391.54,391.11,391.45,5025
US1.AAPL,1,20200715,141100,391.5,391.55,391.26,391.42,5401
US1.AAPL,1,20200715,141200,391.42,391.71,391.39,391.63,3315
US1.AAPL,1,20200715,141300,391.53,391.53,391.08,391.12,900
US1.AAPL,1,20200715,141400,391.14,391.39,391.13,391.39,1987
US1.AAPL,1,20200715,141500,391.39,391.46,391.32,391.37,1000
US1.AAPL,1,20200715,141600,391.33,391.505,391.09,391.16,5694
US1.AAPL,1,20200715,141700,391.07,391.21,390.93,391.15,9267
US1.AAPL,1,20200715,141800,391.23,391.7,391.05,391.53,11905
US1.AAPL,1,20200715,141900,391.35,391.64,391.26,391.26,1670
US1.AAPL,1,20200715,142000,391.36,391.39,391.08,391.08,2195
US1.AAPL,1,20200715,142100,391.21,391.21,390.9,391.09,3000
US1.AAPL,1,20200715,142200,391.22,391.23,390.76,390.85,2021
US1.AAPL,1,20200715,142300,390.69,390.69,390.38,390.39,2600
US1.AAPL,1,20200715,142400,390.57,390.61,390.37,390.37,1363
US1.AAPL,1,20200715,142500,390.32,390.87,390.32,390.78,3617
US1.AAPL,1,20200715,142600,390.85,390.99,390.72,390.95,2874
US1.AAPL,1,20200715,142700,391.1,391.1,390.41,390.59,3787
US1.AAPL,1,20200715,142800,390.66,390.93,390.66,390.76,1800
US1.AAPL,1,20200715,142900,390.98,391.35,390.98,391.16,4002
US1.AAPL,1,20200715,143000,391.24,391.25,391.12,391.22,1400
US1.AAPL,1,20200715,143100,391.28,391.38,391,391.08,1400
US1.AAPL,1,20200715,143200,391.11,391.46,391.11,391.12,2500
US1.AAPL,1,20200715,143300,391.18,391.26,391.16,391.19,1400
US1.AAPL,1,20200715,143400,391.36,391.54,391.32,391.35,2133
US1.AAPL,1,20200715,143500,391.38,391.65,391.2,391.65,5862
US1.AAPL,1,20200715,143600,391.3,391.49,391.03,391.03,2828
US1.AAPL,1,20200715,143700,391.12,391.45,391.12,391.28,3240
US1.AAPL,1,20200715,143800,391.41,391.64,391.4,391.61,2300
US1.AAPL,1,20200715,143900,391.42,391.46,391.18,391.37,2916
US1.AAPL,1,20200715,144000,391.45,391.45,391.1,391.22,1200
US1.AAPL,1,20200715,144100,391.41,391.45,391.24,391.34,1600
US1.AAPL,1,20200715,144200,391.3,391.38,391.2,391.26,2500
US1.AAPL,1,20200715,144300,391.28,391.28,390.64,390.64,4516
US1.AAPL,1,20200715,144400,390.88,390.88,390.56,390.56,3225
US1.AAPL,1,20200715,144500,390.74,390.74,390.66,390.72,400
US1.AAPL,1,20200715,144600,390.73,390.78,390.61,390.7,2000
US1.AAPL,1,20200715,144700,390.71,390.86,390.54,390.54,2894
US1.AAPL,1,20200715,144800,390.55,390.8,390.55,390.75,2000
US1.AAPL,1,20200715,144900,390.73,390.78,390.49,390.53,2028
US1.AAPL,1,20200715,145000,390.44,390.47,390.36,390.47,1300
US1.AAPL,1,20200715,145100,390.43,390.43,390.13,390.15,2815
US1.AAPL,1,20200715,145200,390.17,390.27,389.74,389.74,5404
US1.AAPL,1,20200715,145300,389.79,389.8,389.55,389.74,6104
US1.AAPL,1,20200715,145400,389.64,389.7,389.08,389.09,2381
US1.AAPL,1,20200715,145500,389.34,389.34,388.67,388.8,6525
US1.AAPL,1,20200715,145600,388.82,389.27,388.82,389.13,3057
US1.AAPL,1,20200715,145700,389.21,389.64,389.21,389.23,5300
US1.AAPL,1,20200715,145800,389.37,389.38,389.18,389.25,2501
US1.AAPL,1,20200715,145900,389.29,389.53,389.29,389.53,1833
US1.AAPL,1,20200715,150000,389.45,389.48,388.95,388.99,7043
US1.AAPL,1,20200715,150100,388.87,389.24,388.65,389.24,4902
US1.AAPL,1,20200715,150200,389.26,389.55,389.22,389.47,2280
US1.AAPL,1,20200715,150300,389.5,389.5,389,389.21,7573
US1.AAPL,1,20200715,150400,389.14,389.61,389.07,389.42,1900
US1.AAPL,1,20200715,150500,389.35,389.5,389.25,389.33,2300
US1.AAPL,1,20200715,150600,389.27,389.27,388.8,388.93,6525
US1.AAPL,1,20200715,150700,388.86,388.87,388.48,388.77,4015
US1.AAPL,1,20200715,150800,388.88,389.23,388.4,388.59,3087
US1.AAPL,1,20200715,150900,388.77,389.11,388.77,389.06,2800
US1.AAPL,1,20200715,151000,389.03,389.1,388.8,388.99,1800
US1.AAPL,1,20200715,151100,389,389,388.36,388.4,7146
US1.AAPL,1,20200715,151200,388.54,388.54,388.27,388.45,2661
US1.AAPL,1,20200715,151300,388.52,388.77,388.5,388.58,3389
US1.AAPL,1,20200715,151400,388.6,388.6,388.26,388.35,1668
US1.AAPL,1,20200715,151500,388.54,388.6,388.21,388.27,2700
US1.AAPL,1,20200715,151600,388.26,388.45,387.93,388.26,7447
US1.AAPL,1,20200715,151700,388.29,388.43,388.07,388.42,3400
US1.AAPL,1,20200715,151800,388.47,389.31,388.46,389.22,7272
US1.AAPL,1,20200715,151900,389.2,389.3,389.02,389.21,3846
US1.AAPL,1,20200715,152000,389.26,389.35,389.04,389.25,3376
US1.AAPL,1,20200715,152100,389.25,389.49,389.15,389.44,4072
US1.AAPL,1,20200715,152200,389.41,389.77,389.41,389.77,1800
US1.AAPL,1,20200715,152300,389.73,389.73,389.53,389.71,3100
US1.AAPL,1,20200715,152400,389.67,389.67,389.35,389.37,4631
US1.AAPL,1,20200715,152500,389.2,389.2,388.87,389.03,5846
US1.AAPL,1,20200715,152600,389.07,389.09,388.84,389.09,3167
US1.AAPL,1,20200715,152700,389.13,389.14,388.71,388.84,2749
US1.AAPL,1,20200715,152800,388.95,389.63,388.77,389.63,2600
US1.AAPL,1,20200715,152900,389.56,390.33,389.56,390.33,9738
US1.AAPL,1,20200715,153000,390.32,390.32,390.06,390.25,3600
US1.AAPL,1,20200715,153100,390.26,390.5,390.13,390.36,4656
US1.AAPL,1,20200715,153200,390.3,390.59,390.17,390.5,7200
US1.AAPL,1,20200715,153300,390.54,390.79,390.39,390.5,6867
US1.AAPL,1,20200715,153400,390.56,390.56,390.34,390.41,1500
US1.AAPL,1,20200715,153500,390.46,390.63,390.46,390.62,1100